Model,Activation,DM Statistic,p-Value,Significance
GRU,relu,-38.420009520688154,0.0,Significant
GRU,tanh,-45.40509980522935,0.0,Significant
GRU,sigmoid,-98.77639744410418,0.0,Significant
BiLSTM,relu,251.50922919066232,0.0,Significant
BiLSTM,tanh,-33.17288022627813,0.0,Significant
BiLSTM,sigmoid,-93.91218181876124,0.0,Significant
MLP,relu,-30.184560958378256,0.0,Significant
MLP,tanh,-38.53479088881053,0.0,Significant
MLP,sigmoid,-82.71770018213695,0.0,Significant
RNN,relu,-39.639812179720025,0.0,Significant
RNN,tanh,-46.33600393560736,0.0,Significant
RNN,sigmoid,-89.59681416277971,0.0,Significant
